prompt,intent_type,page_type,target_url,priority,status,quora_angle,reddit_angle,linkedin_x_angle,notes
how to verify a Chinese supplier before paying a deposit,deposit risk,Buyer Guides,/buyer-guides/verify-chinese-supplier-before-deposit/,high,planned,Give a short pre-deposit checklist without selling,Share practical checks before wiring a deposit,Three things to check before deposit,Core buyer guide
how to check if a Chinese factory is real,factory reality,Buyer Guides,/buyer-guides/check-if-chinese-factory-is-real/,high,planned,Explain visible signals and limits,Reply with factory signal checks,Factory reality signals you can ask for,Do not imply formal verification
what to ask a Chinese supplier before ordering samples,sample order,Buyer Guides,/buyer-guides/questions-before-ordering-samples-from-china/,high,planned,List sample questions before payment,Give sample-stage questions,Questions before sample order,Strong Quora fit
China supplier red flags,risk signals,Buyer Guides,/buyer-guides/china-supplier-red-flags-before-first-order/,high,planned,Give red flags and next questions,Share non-generic red flags,Red flags before first order,Core guide
Chinese factory video call checklist,video call,Checklist / Template Pages,/buyer-guides/chinese-factory-video-call-checklist/,medium,planned,Give a video call checklist,Suggest what to ask on video call,Factory video call checks,Checklist format
should I trust supplier badges on Alibaba,platform signals,Buyer Guides,/buyer-guides/should-you-trust-alibaba-supplier-badges/,medium,planned,Explain badge limits,Answer badge trust question directly,What supplier badges do not prove,Boundary-sensitive
Alibaba vs Made-in-China which is safer,platform comparison,Buyer Guides,/buyer-guides/alibaba-vs-made-in-china-sourcing-safety/,medium,planned,Frame as signal comparison not winner,Explain platform is not enough,Platform is not due diligence,Avoid VS-page SaaS framing
how to reduce risk on the first order from China,first order risk,Buyer Guides,/buyer-guides/reduce-risk-first-order-from-china/,high,planned,Give first-order risk checklist,Share staged-order checks,First order risk reduction points,Good LinkedIn/X topic
what documents should a Chinese supplier provide,documents,Checklist / Template Pages,/buyer-guides/documents-chinese-supplier-should-provide/,medium,planned,List documents and what they do not prove,Explain document checks,Documents are signals not proof,Add certificate boundary
how to check whether a supplier is a factory or trading company,factory vs trading,Buyer Guides,/buyer-guides/chinese-factory-or-trading-company/,medium,planned,Explain signals not accusations,Share checks without shaming trading companies,Factory or trading company signals,Keep neutral
what should be written in a sample order before bulk production,sample order,Checklist / Template Pages,/buyer-guides/sample-order-before-bulk-production-china/,medium,planned,Give sample order checklist,Reply with sample order terms,Sample order before bulk production,Template-friendly
how to compare Chinese supplier quotations beyond price,quotation review,Buyer Guides,/buyer-guides/compare-chinese-supplier-quotations-beyond-price/,high,planned,Explain quote comparison beyond unit price,Share quotation comparison checks,Compare quotes beyond price,High buying intent
what to check before sending tooling money to a Chinese factory,tooling money,Buyer Guides,/buyer-guides/check-before-sending-tooling-money-chinese-factory/,medium,planned,Give tooling payment checks,Reply with tooling risk points,Before paying tooling money,High risk topic
how to verify CE UL RoHS certificates from China,certificate checks,Buyer Guides,/buyer-guides/verify-ce-ul-rohs-certificates-china/,medium,planned,Explain certificate verification basics,Share certificate check steps,Certificates need verification,Do not claim compliance certification
