cluster,topic,slug,search_intent,target_page,priority,status,internal_links,external_distribution_status,notes
Supplier Reality,How can I tell if a Chinese supplier is a real factory or a trading company?,tell-chinese-supplier-real-factory-or-trading-company,buyer wants to understand supplier control before trusting manufacturer claims,/supplier-reply-review/,high,planned,"/for-buyers/ | /field-materials/ | /buyer-guides/check-if-chinese-factory-is-real/",not_started,Focus on control rather than simple factory/trader labels.
Supplier Reality,What should I do if a Chinese supplier refuses a factory video call?,chinese-supplier-refuses-factory-video-call,buyer needs next questions after supplier avoids live visibility,/supplier-reply-review/,high,planned,"/field-materials/ | /buyer-guides/chinese-factory-video-call-checklist/ | /for-buyers/",not_started,Good fit for Reddit and Quora answers.
Supplier Reality,What does it mean if a Chinese supplier cannot show workshop photos?,chinese-supplier-cannot-show-workshop-photos,buyer wants to interpret missing field evidence without overreacting,/field-materials/,medium,planned,"/supplier-reply-review/ | /for-buyers/ | /buyer-guides/check-if-chinese-factory-is-real/",not_started,Keep boundary: privacy can be valid, but vague refusal needs follow-up.
Supplier Reality,How should I check a Chinese supplier when the company name does not match?,chinese-supplier-company-name-mismatch,buyer sees inconsistent names across quote invoice bank account or platform,/supplier-reply-review/,high,planned,"/buyer-guides/verify-chinese-supplier-before-deposit/ | /for-buyers/ | /field-materials/",not_started,Payment and supplier reality overlap.
Supplier Reality,Is a broad product range a red flag for a Chinese supplier?,broad-product-range-chinese-supplier-red-flag,buyer evaluates catalog breadth and product control,/supplier-reply-review/,medium,planned,"/buyer-guides/check-if-chinese-factory-is-real/ | /for-buyers/ | /field-materials/",not_started,Use examples like unrelated categories without claiming fraud.
Supplier Reality,What should I ask to confirm what a Chinese supplier actually controls?,questions-confirm-chinese-supplier-control,buyer needs practical control questions before samples or deposit,/supplier-reply-review/,high,planned,"/for-buyers/ | /field-materials/ | /buyer-guides/chinese-factory-video-call-checklist/",not_started,Core bridge to service page.
Payment Risk,What should I check before paying a deposit to a Chinese supplier?,check-before-paying-deposit-chinese-supplier,buyer is close to payment and wants a checklist,/supplier-reply-review/,high,planned,"/buyer-guides/verify-chinese-supplier-before-deposit/ | /for-buyers/ | /field-materials/",not_started,Existing guide can support; avoid duplicating exact page.
Payment Risk,Should I pay the full sample fee before a Chinese supplier confirms details?,full-sample-fee-before-details-confirmed,buyer is unsure whether to pay sample fee with vague terms,/supplier-reply-review/,high,planned,"/buyer-guides/questions-before-ordering-samples-from-china/ | /for-buyers/",not_started,Strong conversion intent.
Payment Risk,What if a Chinese supplier asks me to pay a bank account with a different name?,bank-account-name-mismatch-chinese-supplier,buyer detects bank account mismatch before payment,/supplier-reply-review/,high,planned,"/buyer-guides/verify-chinese-supplier-before-deposit/ | /for-buyers/",not_started,Do not give legal advice; focus on next questions and written confirmation.
Payment Risk,What should I confirm before sending tooling money to a Chinese factory?,confirm-before-sending-tooling-money-china,buyer needs tooling ownership and payment clarity,/supplier-reply-review/,high,planned,"/for-buyers/ | /field-materials/ | /buyer-guides/china-supplier-red-flags-before-first-order/",not_started,Good future sample report candidate.
Payment Risk,Which payment terms are red flags when buying from a Chinese supplier?,payment-terms-red-flags-chinese-supplier,buyer compares deposit balance sample and full payment terms,/supplier-reply-review/,high,planned,"/buyer-guides/china-supplier-red-flags-before-first-order/ | /for-buyers/",not_started,Keep wording as signals not guarantees.
Payment Risk,How can I reduce risk before my first payment to a Chinese supplier?,reduce-risk-before-first-payment-chinese-supplier,buyer needs practical pre-payment steps,/supplier-reply-review/,medium,planned,"/buyer-guides/verify-chinese-supplier-before-deposit/ | /for-buyers/ | /field-materials/",not_started,Useful LinkedIn long post topic.
Communication Red Flags,Is it a red flag if a Chinese supplier says yes to every requirement?,chinese-supplier-says-yes-to-everything,buyer sees over-agreeable supplier replies,/supplier-reply-review/,high,planned,"/buyer-guides/china-supplier-red-flags-before-first-order/ | /for-buyers/",not_started,Good short-form and Quora answer.
Communication Red Flags,How should I respond when a Chinese supplier gives vague answers?,respond-chinese-supplier-vague-answers,buyer wants reply wording and clarification questions,/supplier-reply-review/,high,planned,"/for-buyers/ | /buyer-guides/china-supplier-red-flags-before-first-order/",not_started,Service fit: suggested next message.
Communication Red Flags,What should I do if a Chinese supplier avoids technical questions?,chinese-supplier-avoids-technical-questions,buyer tests technical control and supplier capability,/supplier-reply-review/,high,planned,"/field-materials/ | /buyer-guides/check-if-chinese-factory-is-real/ | /for-buyers/",not_started,Connect to what supplier controls.
Communication Red Flags,Why did my Chinese supplier change the MOQ after quoting?,chinese-supplier-changed-moq-after-quote,buyer sees MOQ shift and needs explanation questions,/supplier-reply-review/,medium,planned,"/for-buyers/ | /buyer-guides/china-supplier-red-flags-before-first-order/",not_started,Keep practical; changes can be legitimate if explained.
Communication Red Flags,What should I check if one Chinese supplier quote is much cheaper than others?,chinese-supplier-quote-much-cheaper-than-others,buyer compares low quote and hidden assumptions,/supplier-reply-review/,high,planned,"/buyer-guides/china-supplier-red-flags-before-first-order/ | /for-buyers/",not_started,Good external distribution topic.
Communication Red Flags,How do I ask a Chinese supplier to confirm unclear quotation details?,ask-chinese-supplier-confirm-unclear-quotation-details,buyer needs message template before payment,/supplier-reply-review/,high,planned,"/for-buyers/ | /buyer-guides/verify-chinese-supplier-before-deposit/",not_started,Add sample reply format when published.
Sample vs Bulk,What questions should I ask before ordering samples from a Chinese supplier?,questions-before-ordering-samples-chinese-supplier,buyer needs sample question checklist,/buyer-guides/questions-before-ordering-samples-from-china/,high,planned,"/supplier-reply-review/ | /for-buyers/ | /field-materials/",not_started,Existing guide can be refreshed or used as cluster hub.
Sample vs Bulk,Can a good sample still lead to problems in bulk production from China?,good-sample-bulk-production-risk-china,buyer understands sample-to-bulk gap,/supplier-reply-review/,high,planned,"/buyer-guides/questions-before-ordering-samples-from-china/ | /for-buyers/",not_started,Strong buyer pain point.
Sample vs Bulk,What packaging details should I confirm before a bulk order from China?,packaging-details-before-bulk-order-china,buyer needs packaging and label confirmation checklist,/supplier-reply-review/,medium,planned,"/field-materials/ | /buyer-guides/questions-before-ordering-samples-from-china/",not_started,Pairs with field materials packaging signals.
Sample vs Bulk,How should I compare sample replies from different Chinese suppliers?,compare-sample-replies-chinese-suppliers,buyer compares suppliers beyond price,/supplier-reply-review/,medium,planned,"/for-buyers/ | /buyer-guides/questions-before-ordering-samples-from-china/",not_started,Good service-page bridge.
Sample vs Bulk,Why is sample approval not enough before bulk production in China?,sample-approval-not-enough-before-bulk-production-china,buyer needs written bulk confirmation after sample,/supplier-reply-review/,high,planned,"/buyer-guides/questions-before-ordering-samples-from-china/ | /for-buyers/",not_started,Use no guarantee language.
Sample vs Bulk,What should be written in a Chinese supplier sample order before bulk production?,written-sample-order-before-bulk-production-china,buyer needs sample order confirmation items,/supplier-reply-review/,high,planned,"/buyer-guides/questions-before-ordering-samples-from-china/ | /for-buyers/",not_started,Good candidate for template block.
Supplier Documents,How should I read a Chinese supplier quotation before paying?,read-chinese-supplier-quotation-before-paying,buyer wants to decode quote assumptions and omissions,/supplier-reply-review/,high,planned,"/for-buyers/ | /buyer-guides/verify-chinese-supplier-before-deposit/",not_started,Top conversion fit.
Supplier Documents,What documents should I ask a Chinese supplier for before a first order?,documents-to-ask-chinese-supplier-before-first-order,buyer wants practical document checklist,/supplier-reply-review/,medium,planned,"/for-buyers/ | /buyer-guides/china-supplier-red-flags-before-first-order/",not_started,Boundary: documents do not prove reliability by themselves.
Supplier Documents,How can I tell if Chinese supplier product photos match my order?,chinese-supplier-product-photos-match-order,buyer wants to interpret photos and requirements,/field-materials/,medium,planned,"/supplier-reply-review/ | /for-buyers/ | /field-materials/",not_started,Photo-signal content.
Supplier Documents,How should I review a Chinese supplier catalog before choosing a supplier?,review-chinese-supplier-catalog-before-choosing,buyer evaluates catalog breadth and fit,/supplier-reply-review/,low,planned,"/buyer-guides/check-if-chinese-factory-is-real/ | /for-buyers/",not_started,Lower urgency than payment topics.
Supplier Documents,What should I ask when requesting a factory video from a Chinese supplier?,request-factory-video-from-chinese-supplier,buyer needs wording for factory video request,/field-materials/,high,planned,"/buyer-guides/chinese-factory-video-call-checklist/ | /supplier-reply-review/ | /for-buyers/",not_started,Strong Field Materials link.
Supplier Documents,How do I compare a Chinese supplier quote with photos videos and catalog claims?,compare-supplier-quote-photos-videos-catalog-claims,buyer compares multiple evidence types before payment,/supplier-reply-review/,medium,planned,"/field-materials/ | /for-buyers/ | /buyer-guides/china-supplier-red-flags-before-first-order/",not_started,Good synthesis guide after first 30 basics.
