date,seo_title,slug,primary_keyword,quora_angle,reddit_angle,linkedin_x_angle,publish_status,notes
2026-07-06,How to Verify a Chinese Supplier Before Paying a Deposit,verify-chinese-supplier-before-deposit,verify chinese supplier before deposit,What should a buyer check before paying a deposit to a Chinese supplier?,Most deposit risk shows up in vague replies and account mismatch before payment,3 checks before paying a supplier deposit,draft,Priority page
2026-07-07,China Supplier Red Flags Before Your First Order,china-supplier-red-flags-before-first-order,china supplier red flags first order,What are common red flags before a first order from China?,Fast quote does not mean clear quote,5 early red flags before first order,draft,High reuse potential
2026-07-08,How to Compare Chinese Supplier Quotations Beyond Price,compare-chinese-supplier-quotations-beyond-price,compare chinese supplier quotations,How do I compare supplier quotes beyond price?,Cheapest quote usually hides the most assumptions,What I compare before I compare price,draft,Good for LinkedIn bullets
2026-07-09,Questions to Ask a Chinese Supplier Before Ordering Samples,questions-before-ordering-samples-from-china,questions before ordering samples from china,What should I ask before ordering samples from a Chinese supplier?,Sample fee is not the main risk if the sample basis is unclear,Questions I ask before ordering samples,draft,Good Reddit answer angle
2026-07-10,How to Check If a Chinese Factory Is Real,check-if-chinese-factory-is-real,check if chinese factory is real,How can I tell if a Chinese supplier is a real factory?,A workshop photo alone does not prove much,What factory evidence I would ask for,draft,Factory signals batch
2026-07-11,Chinese Factory Video Call Checklist for Overseas Buyers,chinese-factory-video-call-checklist,chinese factory video call checklist,What should I ask on a factory video call?,A useful factory video call should show process not just premises,What I want to see on a supplier video call,draft,Video call angle
2026-07-12,Is Your Chinese Supplier a Factory or Trading Company?,chinese-factory-or-trading-company,factory or trading company china,How do I know if my supplier is a factory or trading company?,Factory vs trading company matters less than process transparency,Factory or trading company is the wrong first question,draft,Good contrarian angle
2026-07-13,Should You Trust Supplier Badges on Alibaba?,should-you-trust-alibaba-supplier-badges,trust supplier badges on alibaba,Can I trust Alibaba badges when choosing a supplier?,Badges can help you sort but they do not remove first-order risk,What Alibaba badges do not tell you,draft,Platform trust angle
2026-07-14,How to Reduce Risk on Your First Order from China,reduce-risk-first-order-from-china,reduce risk first order from china,How can I reduce risk on my first China order?,Smaller controlled learning beats a rushed first bulk order,How I would de-risk a first order,draft,Operational checklist
2026-07-15,What Documents Should a Chinese Supplier Provide Before an Order?,documents-chinese-supplier-should-provide,documents chinese supplier should provide,What documents should I ask a Chinese supplier for before ordering?,Documents are only useful if the names and scope match the real order,Documents I would ask for before ordering,draft,Docs angle
2026-07-16,What Should Be Written in a Sample Order Before Bulk Production?,sample-order-before-bulk-production-china,sample order before bulk production china,What should be written in a sample order before bulk production?,Most sample disputes start because the sample never defined what it proved,What I want written in a sample order,draft,Sample order angle
2026-07-17,What to Check Before Sending Tooling Money to a Chinese Factory,check-before-sending-tooling-money-chinese-factory,tooling money chinese factory,What should I check before sending tooling money to a factory?,Tooling money should follow written version control and ownership terms,Before sending tooling money I check these points,draft,High intent query
2026-07-18,How to Verify CE, UL, or RoHS Certificates from a Chinese Supplier,verify-ce-ul-rohs-certificates-china,verify ce ul rohs certificates china,How can I verify CE or RoHS certificates from a Chinese supplier?,A PDF is not the same as certificate scope that matches your product,What I check on supplier certificates,draft,Certification angle
2026-07-19,Alibaba vs Made-in-China: Which Is Safer for Sourcing?,alibaba-vs-made-in-china-sourcing-safety,alibaba vs made in china safer sourcing,Which is safer for sourcing Alibaba or Made-in-China?,Platform is only the starting point not the safety layer,Alibaba vs Made-in-China from a risk view,draft,Platform comparison
