date,platform,topic,source_doc,target_page,post_url,link_used,account,status,views,replies,likes,removed,notes,next_action
2026-07-05,LinkedIn,How can I check a Chinese supplier before paying a deposit?,docs/external-distribution/2026-07-05-check-supplier-before-deposit.md,https://gewuji.dev/buyer-guides/verify-chinese-supplier-before-deposit/,https://www.linkedin.com/feed/update/urn:li:share:7479533135085477888/,no,,published,0,0,0,no,"first LinkedIn test, no link",check after 24h
2026-07-05,Reddit,How can I check a Chinese supplier before paying a deposit?,docs/external-distribution/2026-07-05-check-supplier-before-deposit.md,https://gewuji.dev/buyer-guides/verify-chinese-supplier-before-deposit/,,no,,planned,,,,false,,publish
2026-07-05,Quora,How can I check a Chinese supplier before paying a deposit?,docs/external-distribution/2026-07-05-check-supplier-before-deposit.md,https://gewuji.dev/buyer-guides/verify-chinese-supplier-before-deposit/,,no,,planned,,,,false,,publish
2026-07-05,Medium/Substack,How can I check a Chinese supplier before paying a deposit?,docs/external-distribution/2026-07-05-check-supplier-before-deposit.md,https://gewuji.dev/buyer-guides/verify-chinese-supplier-before-deposit/,,yes_lite,,planned,,,,false,,publish
2026-07-05,LinkedIn,How to Check If a Chinese Factory Is Real,docs/external-distribution/2026-07-05-check-if-chinese-factory-is-real.md,https://gewuji.dev/buyer-guides/check-if-chinese-factory-is-real/,,no,,planned,,,,false,,publish
2026-07-05,Reddit,How to Check If a Chinese Factory Is Real,docs/external-distribution/2026-07-05-check-if-chinese-factory-is-real.md,https://gewuji.dev/buyer-guides/check-if-chinese-factory-is-real/,,no,,planned,,,,false,,publish
2026-07-05,Quora,How to Check If a Chinese Factory Is Real,docs/external-distribution/2026-07-05-check-if-chinese-factory-is-real.md,https://gewuji.dev/buyer-guides/check-if-chinese-factory-is-real/,,no,,planned,,,,false,,publish
2026-07-05,Medium/Substack,How to Check If a Chinese Factory Is Real,docs/external-distribution/2026-07-05-check-if-chinese-factory-is-real.md,https://gewuji.dev/buyer-guides/check-if-chinese-factory-is-real/,,yes_lite,,planned,,,,false,,publish
2026-07-05,LinkedIn,Questions to Ask a Chinese Supplier Before Ordering Samples,docs/external-distribution/2026-07-05-questions-before-ordering-samples.md,https://gewuji.dev/buyer-guides/questions-before-ordering-samples-from-china/,,no,,planned,,,,false,,publish
2026-07-05,Reddit,Questions to Ask a Chinese Supplier Before Ordering Samples,docs/external-distribution/2026-07-05-questions-before-ordering-samples.md,https://gewuji.dev/buyer-guides/questions-before-ordering-samples-from-china/,,no,,planned,,,,false,,publish
2026-07-05,Quora,Questions to Ask a Chinese Supplier Before Ordering Samples,docs/external-distribution/2026-07-05-questions-before-ordering-samples.md,https://gewuji.dev/buyer-guides/questions-before-ordering-samples-from-china/,,no,,planned,,,,false,,publish
2026-07-05,Medium/Substack,Questions to Ask a Chinese Supplier Before Ordering Samples,docs/external-distribution/2026-07-05-questions-before-ordering-samples.md,https://gewuji.dev/buyer-guides/questions-before-ordering-samples-from-china/,,yes_lite,,planned,,,,false,,publish
2026-07-05,LinkedIn,China Supplier Red Flags Before Your First Order,docs/external-distribution/2026-07-05-china-supplier-red-flags-before-first-order.md,https://gewuji.dev/buyer-guides/china-supplier-red-flags-before-first-order/,,no,,planned,,,,false,,publish
2026-07-05,Reddit,China Supplier Red Flags Before Your First Order,docs/external-distribution/2026-07-05-china-supplier-red-flags-before-first-order.md,https://gewuji.dev/buyer-guides/china-supplier-red-flags-before-first-order/,,no,,planned,,,,false,,publish
2026-07-05,Quora,China Supplier Red Flags Before Your First Order,docs/external-distribution/2026-07-05-china-supplier-red-flags-before-first-order.md,https://gewuji.dev/buyer-guides/china-supplier-red-flags-before-first-order/,,no,,planned,,,,false,,publish
2026-07-05,Medium/Substack,China Supplier Red Flags Before Your First Order,docs/external-distribution/2026-07-05-china-supplier-red-flags-before-first-order.md,https://gewuji.dev/buyer-guides/china-supplier-red-flags-before-first-order/,,yes_lite,,planned,,,,false,,publish
2026-07-05,LinkedIn,Chinese Factory Video Call Checklist for Overseas Buyers,docs/external-distribution/2026-07-05-chinese-factory-video-call-checklist.md,https://gewuji.dev/buyer-guides/chinese-factory-video-call-checklist/,,no,,planned,,,,false,,publish
2026-07-05,Reddit,Chinese Factory Video Call Checklist for Overseas Buyers,docs/external-distribution/2026-07-05-chinese-factory-video-call-checklist.md,https://gewuji.dev/buyer-guides/chinese-factory-video-call-checklist/,,no,,planned,,,,false,,publish
2026-07-05,Quora,Chinese Factory Video Call Checklist for Overseas Buyers,docs/external-distribution/2026-07-05-chinese-factory-video-call-checklist.md,https://gewuji.dev/buyer-guides/chinese-factory-video-call-checklist/,,no,,planned,,,,false,,publish
2026-07-05,Medium/Substack,Chinese Factory Video Call Checklist for Overseas Buyers,docs/external-distribution/2026-07-05-chinese-factory-video-call-checklist.md,https://gewuji.dev/buyer-guides/chinese-factory-video-call-checklist/,,yes_lite,,planned,,,,false,,publish
