question,source,platform,purchase_stage,material_type,intent,risk_type,related_page,content_type,cta,status,notes
How to check a Chinese supplier before first order?,seed,internal,deposit before payment,"supplier reply; PI; quotation",pre-order decision,information gaps,/buyer-guides/verify-chinese-supplier-before-deposit/,Buyer Guide,Supplier Reply Review,seed,existing guide covers deposit angle
What should I ask before paying a supplier deposit?,seed,internal,deposit before payment,"supplier reply; PI; payment terms",pre-payment clarification,unclear terms,/buyer-guides/verify-chinese-supplier-before-deposit/,Buyer Guide,Review supplier materials,seed,needs payment matching angle if not already explicit
How can I compare Chinese supplier quotes?,seed,internal,quotation comparison,"quotation; supplier reply; RFQ",quotation comparison,unclear quote assumptions,/buyer-guides/compare-chinese-supplier-quotations-beyond-price/,Buyer Guide,Supplier Reply Review,seed,existing guide covers beyond price comparison
What does a factory video really prove?,seed,internal,factory video interpretation,"factory video; photos; chat screenshot",evidence interpretation,visible signals and information gaps,/field-materials/,Field Materials,Review supplier materials,seed,covered by field materials and video call guide
Factory vs trading company: what should buyers know?,seed,internal,quotation comparison,"supplier reply; product range; workshop evidence",supplier role clarification,production control uncertainty,/buyer-guides/chinese-factory-or-trading-company/,Buyer Guide,Supplier Reply Review,seed,existing guide covers control transparency
What supplier information should match before payment?,seed,internal,payment account confirmation,"PI; payment account; company name; quotation",payment account confirmation,mismatched entity information,/buyer-guides/documents-chinese-supplier-should-provide/,Buyer Guide,Review supplier materials,seed,partial coverage needs dedicated matching checklist later
Supplier changed payment account before shipment. What should I check?,example,internal,payment account confirmation,"payment request; PI; supplier reply",payment account clarification,mismatched payment information,/buyer-guides/documents-chinese-supplier-should-provide/,Buyer Guide,Review supplier materials,example,supplier payment account example for Phase 1 review
Two suppliers quoted very different prices for the same product. How do I compare them?,example,internal,quotation comparison,"quotation; RFQ; supplier reply",quotation comparison,unclear quote assumptions,/buyer-guides/compare-chinese-supplier-quotations-beyond-price/,Buyer Guide,Supplier Reply Review,example,supplier quotation comparison example for Phase 1 review
Can a factory video prove the supplier controls production?,example,internal,factory video interpretation,"factory video; photos; chat screenshot",evidence interpretation,visible signals and information gaps,/field-materials/,Field Materials,Review supplier materials,example,factory video interpretation example for Phase 1 review
