date,platform,url,topic,content_type,target_profile,response,follow_up,lead_status,notes
2026-07-07,LinkedIn,,Fast supplier reply vs clear supplier reply,post attempt,"ecommerce founders; Amazon sellers",not_posted,manual_post_or_retry_editor,not_started,"Chrome editor input failed; no link; no hard CTA"
2026-07-07,LinkedIn,,Before paying Chinese supplier deposit,post draft,"sourcing managers; small importers",not_posted,schedule_or_post,draft,"No guarantee language"
2026-07-07,LinkedIn,,Factory videos are useful but limited,post draft,"hardware startups; procurement",not_posted,schedule_or_post,draft,"Boundary: not audit proof"
2026-07-07,LinkedIn,,Sample is not bulk approval,post draft,"Shopify brands; private label sellers",not_posted,schedule_or_post,draft,"Buyer-focused observation"
2026-07-07,LinkedIn,,Low quote with unclear scope,post draft,"ecommerce operators",not_posted,schedule_or_post,draft,"No sales CTA"
2026-07-07,X,https://x.com/llzclm_ray/status/2074406542171124054,Fast supplier reply is not always clear,tweet,"China sourcing observers",published,check_replies_after_24h,published,"Posted via Chrome; no link; success signal is supplier reply review request"
2026-07-07,X,https://x.com/llzclm_ray/status/2074406755405365420,Deposit checks before payment,tweet,"small importers; ecommerce sellers",published,check_replies_after_24h,published,"Posted via Chrome; no link; success signal is supplier reply review request"
2026-07-07,X,,Factory video limitations,tweet draft,"hardware startups",not_posted,schedule_or_post,draft,"No audit claim"
2026-07-07,X,,Sample scope before bulk,tweet draft,"private label sellers",not_posted,schedule_or_post,draft,"No guarantee"
2026-07-07,X,,Low quote plus unclear scope,tweet draft,"ecommerce sellers",not_posted,schedule_or_post,draft,"Observation only"
2026-07-07,Reddit,https://www.reddit.com/r/FulfillmentByAmazon/comments/1u8lr0m/how_do_you_actually_verify_a_china_supplier/,Verify China supplier before deposit,question identified,"FBA sellers",not_replied,prepare_manual_reply,identified,"Answer with confirmed vs unclear checks; no link"
2026-07-07,Reddit,https://www.reddit.com/r/smallbusiness/comments/1de3t7g/how_to_pay_supplier/,How to pay supplier,question identified,"small business owners",not_replied,prepare_manual_reply,identified,"Payment terms and written confirmation angle"
2026-07-07,Reddit,https://www.reddit.com/r/FulfillmentByAmazon/comments/lw8ea0/how_do_you_pay_alibaba_suppliers/,How to pay Alibaba suppliers,question identified,"FBA sellers",not_replied,prepare_manual_reply,identified,"Deposit terms and PI clarity"
2026-07-07,Reddit,https://www.reddit.com/r/smallbusiness/comments/118cyry/how_to_pay_a_manufacturer_on_alibaba/,Pay manufacturer on Alibaba,question identified,"small business owners",not_replied,prepare_manual_reply,identified,"Platform/order documentation angle"
2026-07-07,Reddit,https://www.reddit.com/r/Entrepreneur/comments/8oq863/high_shipping_costs_for_product_samples_alibaba/,High shipping costs for samples,question identified,"entrepreneurs",not_replied,prepare_manual_reply,identified,"Separate sample fee and shipping"
2026-07-07,Reddit,https://www.reddit.com/r/FulfillmentByAmazon/comments/xrhfp4/alibaba_deposit_refund/,Alibaba deposit refund,question identified,"FBA sellers",not_replied,prepare_manual_reply,identified,"Written terms before deposit"
2026-07-07,Reddit,https://www.reddit.com/r/FulfillmentByAmazon/comments/syg6zb/how_to_deal_with_slow_moving_and_slow/,Slow communicating suppliers,question identified,"FBA sellers",not_replied,prepare_manual_reply,identified,"Communication gaps and timeline clarity"
2026-07-07,Reddit,https://www.reddit.com/r/smallbusiness/comments/12cc2ns/how_do_i_protect_my_alibaba_product/,Protect Alibaba product,question identified,"small business owners",not_replied,prepare_manual_reply,identified,"Written scope and sample assumptions"
2026-07-07,Reddit,https://www.reddit.com/r/smallbusiness/comments/s30wi5/do_alibaba_sellers_really_offershow_interest_in/,Minimum order interest,question identified,"small business owners",not_replied,prepare_manual_reply,identified,"MOQ and sample terms"
2026-07-07,Reddit,https://www.reddit.com/r/FulfillmentByAmazon/comments/3b38av/paying_chinese_supplier_company_bank_account_vs/,Company vs personal bank account,question identified,"FBA sellers",not_replied,prepare_manual_reply,identified,"Payment account mismatch"
2026-07-07,Reddit,https://www.reddit.com/r/ecommerce/comments/pwcdb3/are_all_alibaba_samples_this_expensive/,Alibaba sample cost,question identified,"ecommerce sellers",not_replied,prepare_manual_reply,identified,"Sample fee and shipping clarity"
2026-07-07,Reddit,https://www.reddit.com/r/AmazonFBA/comments/1q921xp/how_do_you_identify_reliable_suppliers_on_alibaba/,Identify reliable suppliers on Alibaba,question identified,"Amazon sellers",not_replied,prepare_manual_reply,identified,"Avoid reliability guarantee; focus communication checks"
2026-07-07,Reddit,https://www.reddit.com/r/ecommerce/comments/xokhgb/supplier_from_alibaba_sent_me_samples_with_better/,Samples better than actual products,question identified,"ecommerce sellers",not_replied,prepare_manual_reply,identified,"Sample approval baseline"
2026-07-07,Reddit,https://www.reddit.com/r/ecommerce/comments/1dtam9n/my_alibaba_supplier_stuffed_up_my_order_what_to_do/,Supplier order issue,question identified,"ecommerce sellers",not_replied,prepare_manual_reply,identified,"Production baseline and written confirmation"
2026-07-07,Reddit,https://www.reddit.com/r/ecommerce/comments/kejvzi/alibaba_supplier_wont_sell_single_unit_sample/,Supplier will not sell single sample,question identified,"ecommerce sellers",not_replied,prepare_manual_reply,identified,"Sample policy and MOQ"
2026-07-07,Reddit,https://www.reddit.com/r/AmazonFBA/comments/1d80ndf/amazon_fba_beginner/,Amazon FBA beginner,question identified,"Amazon sellers",not_replied,prepare_manual_reply,identified,"Sample and shipment breakdown"
2026-07-07,Reddit,https://www.reddit.com/r/ecommerce/comments/15yp2fi/ordered_custom_sample_but_they_suck_now_what/,Custom sample issue,question identified,"ecommerce sellers",not_replied,prepare_manual_reply,identified,"Customization scope and revision questions"
2026-07-07,Reddit,https://www.reddit.com/r/ecommerce/comments/jodvsz/comment/ow1nvi8/,How to order samples,answer,"ecommerce sellers",removed,no_retry_today,removed,"Answered with sample scope checklist; no link; no CTA; Safari/Reddit profile check: removed by Reddit; not a successful engagement"
2026-07-07,Reddit,https://www.reddit.com/r/ecommerce/comments/eq336f/alibaba_supplier_or_vendor_reliability_and/,Supplier reliability and quality verification,question identified,"ecommerce sellers",not_replied,prepare_manual_reply,identified,"Boundary: not verification; practical checks"
2026-07-07,Reddit,https://www.reddit.com/r/ecommerce/comments/1mtziup/is_it_possible_to_receive_50100_units_from_alibaba/,Small first order from Alibaba,question identified,"ecommerce sellers",not_replied,prepare_manual_reply,identified,"Small first order terms"
2026-07-07,Weekly Plan,,Week 1 social execution plan,execution plan,"LinkedIn; X; Reddit",planned,execute_week_1,planned,"Success signal is only supplier reply review request; likes/comments do not count"
2026-07-07,LinkedIn,,Browser audit total,browser audit,"Chrome LinkedIn activity page",audited,backfill_missing_urls,needs_update,"Chrome confirmed 16 posts and 3 comments; local historical records previously counted 9 posts and 1 comment; missing 7 posts and 2 comments; visible recent impressions: 5, 10, 20, 4, 1"
2026-07-07,X,,Browser audit total,browser audit,"Safari X profile",audited,backfill_missing_urls,needs_update,"Safari confirmed 18 total posts/replies on @llzclm_ray; local records counted 10 X posts; missing 8 historical items; no X replies observed"
2026-07-07,Reddit,,Browser audit total,browser audit,"Safari old Reddit profile",audited,backfill_missing_urls,needs_update,"Safari confirmed 18 Reddit comments: 12 visible and 6 removed; local records counted 14 comments; missing 4 comment records; comment karma 0"
2026-07-07,Quora,,Browser audit total,browser audit,"Safari Quora profile",audited,backfill_missing_url,needs_update,"Safari confirmed 11 answers, 0 posts, 146 content views this month; local records counted 10 answers; missing 1 answer record"
2026-07-07,Medium,,Browser audit total,browser audit,"Safari Medium profile/article",audited,no_action,matched,"Safari confirmed 1 Medium article visible; local record count matches"
2026-07-07,Substack,,Browser audit total,browser audit,"Safari Substack public page",audited,check_backend_if_needed,partial,"Safari confirmed Substack publication page is live; public page did not show total post count; local record has 1 published post"
2026-07-09,LinkedIn,https://www.linkedin.com/feed/,Factory videos show visible context,post,"overseas buyers; procurement operators",published,backfill_share_url_and_check_replies,published,"Published via browser; success toast observed; no promotional link; direct share URL not captured"
2026-07-09,Reddit,https://old.reddit.com/r/AmazonFBA/comments/1f6civi/alibaba_no_response_from_suppliers/owf9ur7/,Fast replies vs clear replies,reply,"Amazon FBA sellers",published,check_replies_after_24h,published,"No link; practical supplier communication filter reply"
2026-07-09,X,https://x.com/llzclm_ray/status/2075066776300446041,Factory videos visible context,tweet,"China sourcing observers",published,check_replies_after_24h,published,"No link; short note on visible context vs proof"
2026-07-09,Substack,https://gewuji.substack.com/p/questions-to-ask-before-paying-a,Questions before supplier deposit,article,"overseas buyers; small importers",published,check_reads_and_replies_after_24h,published,"Draft text order fixed before publishing; no promotional link"
